{
"snapshots":
{
	"0": {
      "endpoint": "abs",
      "result": {
        "domain": "cars"
      },
      "organization": "Hyundai",
      "product": "i10"
    },
    "1": {
      "endpoint": "entities",
      "result": {
        "language": "en",
        "entities": {
          "organization": [
            "Hyundai",
            "Auto Express",
            "Wales Rally GB",
            "Volkswagen",
            "Toyota",
            "Renault Twingo",
            "World Rally Championship",
            "iPod",
            "Llyn Brenig",
            "Thames",
            "M25"
          ],
          "location": [
            "Skoda Citigo",
            "London",
            "Britain",
            "North Wales",
            "Sibling",
            "City",
            "Birmingham",
            "Wales"
          ],
          "url": [
            "CarBuyer.co.uk",
            "Carbuyer.co.uk"
          ],
          "keyword": [
            "Hyundai i10 city",
            "Hyundai",
            "city cars",
            "road test",
            "city",
            "road",
            "months",
            "engine",
            "London",
            "test",
            "comfort",
            "quality",
            "cars",
            "trips",
            "plenty",
            "brother",
            "standard",
            "models",
            "central",
            "park"
          ],
          "date": [
            "10 months",
            "weekly",
            "A few months back",
            "Car of the Year",
            "2014",
            "42mpg",
            "74bhp",
            "Week",
            "week",
            "last month",
            "M6",
            "last five weeks",
            "monthly",
            "daily",
            "next few months",
            "this week"
          ],
          "money": [
            "only £8,345",
            "99",
            "109",
            "26",
            "75",
            "210",
            "312",
            "11.50",
            "less than £10,000"
          ],
          "person": [
            "Dean Gibson",
            "Llyn Brenig",
            "Best",
            "Big",
            "Obviously",
            "58.9mpg",
            "Load",
            "Eventually",
            "Machynlleth",
            "Hyundai",
            "Okay",
            "SE"
          ],
          "phone": [
            "0800 107 0680"
          ],
          "product": [
            "Aygo"
          ]
        }
      },
      "organization": "Hyundai",
      "product": "i10",
      "url": "https://www.autoexpress.co.uk/hyundai/i10/88290/hyundai-i10-se-long-term-test-review"
    },
    "2": {
      "endpoint": "sentiment",
      "result": {
        "polarity": "positive",
        "subjectivity": "unknown",
        "polarity_confidence": 0.9999740123748779,
        "subjectivity_confidence": 0
      },
      "organization": "Hyundai",
      "product": "i10",
      "url": "https://www.autoexpress.co.uk/hyundai/i10/88290/hyundai-i10-se-long-term-test-review"
    },
    "3": {
      "endpoint": "classify/iab-qag",
      "result": {
        "taxonomy": "iab-qag",
        "language": "en",
        "categories": [
          {
            "confident": true,
            "score": 0.67,
            "label": "Automotive",
            "links": [
              {
                "rel": "self",
                "link": "https://api.aylien.com/api/v1/classify/taxonomy/iab-qag/IAB2"
              }
            ],
            "id": "IAB2"
          },
          {
            "confident": true,
            "score": 0.25,
            "label": "Sedan",
            "links": [
              {
                "rel": "self",
                "link": "https://api.aylien.com/api/v1/classify/taxonomy/iab-qag/IAB2-20"
              },
              {
                "rel": "parent",
                "link": "https://api.aylien.com/api/v1/classify/taxonomy/iab-qag/IAB2"
              }
            ],
            "id": "IAB2-20"
          }
        ]
      },
      "organization": "Hyundai",
      "product": "i10",
      "url": "https://www.autoexpress.co.uk/hyundai/i10/88290/hyundai-i10-se-long-term-test-review"
    }
  }
}